{
  "risk_reward_ratio": 0.07842527329921722,
  "setup_type_19": 0.03606441989541054,
  "setup_type_11": 0.0279863104224205,
  "take_profit_atr_multiple": 0.024943629279732704,
  "avg_true_range_normalized": 0.02004728838801384,
  "atr_percent": 0.016737554222345352,
  "setup_direction": 0.015518559142947197,
  "volume_confirmation": 0.015239199623465538,
  "is_engulfing": 0.013934941962361336,
  "is_quarter_end": 0.01353203784674406,
  "stop_loss_atr_multiple": 0.012719085440039635,
  "day_of_week_sin": 0.011136521585285664,
  "day_of_month_cos": 0.011106674559414387,
  "days_from_halving": 0.0110239889472723,
  "halving_cycle_progress": 0.010998407378792763,
  "month_cos": 0.010413410142064095,
  "month_sin": 0.010220963507890701,
  "is_weekend": 0.010089513845741749,
  "setup_confidence_original": 0.010038851760327816,
  "entry_vs_ema_21": 0.009862207807600498,
  "day_of_month_sin": 0.009775856509804726,
  "bb_percent_b": 0.009756948798894882,
  "adx_trend_strength": 0.009588307701051235,
  "price_vs_sma_20": 0.009502402506768703,
  "rsi_change_1": 0.009470976889133453,
  "is_month_end": 0.00946152862161398,
  "day_of_week_cos": 0.00931527465581894,
  "price_vs_sma_50": 0.009184879250824451,
  "volume_sma_ratio": 0.009155629202723503,
  "macd_crossover": 0.00912754237651825,
  "candle_body_ratio": 0.00910852663218975,
  "price_vs_ema_9": 0.009108340367674828,
  "entry_vs_ema_9": 0.009038801304996014,
  "keltner_lower": 0.00902223028242588,
  "price_vs_ema_200": 0.00901378970593214,
  "bb_width": 0.008981827646493912,
  "days_to_next_halving": 0.008924471214413643,
  "price_vs_ema_21": 0.008881715126335621,
  "hour_sin": 0.00882146880030632,
  "williams_r": 0.008793882094323635,
  "lowest_low_20": 0.008788050152361393,
  "hour_cos": 0.008747462183237076,
  "price_vs_sma_200": 0.008741731755435467,
  "is_european_session": 0.008702578023076057,
  "rsi_2": 0.00870095007121563,
  "is_asian_session": 0.008690898306667805,
  "price_vs_ema_50": 0.008662823587656021,
  "price_momentum_5": 0.00866246409714222,
  "di_crossover": 0.008602194488048553,
  "macd_signal": 0.008548779413104057,
  "stoch_k": 0.008537783287465572,
  "bb_position": 0.008498716168105602,
  "is_us_session": 0.008496634662151337,
  "rsi_change_5": 0.008470745757222176,
  "price_momentum_10": 0.00843761395663023,
  "cci_14": 0.008399800397455692,
  "cci_20": 0.008363797329366207,
  "adx_value": 0.008356609381735325,
  "keltner_position": 0.008354730904102325,
  "consecutive_red": 0.008341382257640362,
  "rsi_21": 0.008280196227133274,
  "atr_21": 0.008273870684206486,
  "roc_12": 0.008238958194851875,
  "macd_histogram": 0.008215151727199554,
  "atr_14": 0.008122189901769161,
  "rsi_7": 0.008122159168124199,
  "entry_vs_ema_200": 0.008111989125609398,
  "mfi_14": 0.00811167061328888,
  "stoch_d": 0.0081111965700984,
  "price_channel_position": 0.008081460371613503,
  "stoch_crossover": 0.007991349324584007,
  "obv_slope": 0.007981663569808006,
  "candle_upper_wick": 0.00793976616114378,
  "price_momentum_20": 0.00787990540266037,
  "sma_50": 0.007862703874707222,
  "volume_change": 0.007853115908801556,
  "candle_lower_wick": 0.00781968142837286,
  "macd_histogram_change": 0.007796983700245619,
  "macd_line": 0.007795834913849831,
  "is_hammer": 0.0076823243871331215,
  "ema_200": 0.0075913998298347,
  "rsi_14": 0.007559638004750013,
  "sma_200": 0.007548224180936813,
  "atr_7": 0.007512804586440325,
  "is_doji": 0.007449361961334944,
  "ema_9": 0.0074456837028265,
  "ema_50": 0.007444474380463362,
  "ema_21": 0.007436693180352449,
  "highest_high_20": 0.0073011284694075584,
  "ema_9_21_cross": 0.00695611909031868,
  "sma_20": 0.006940619088709354,
  "keltner_upper": 0.006841029040515423,
  "consecutive_green": 0.006823979318141937,
  "minus_di": 0.00678695784881711,
  "plus_di": 0.005525557789951563,
  "ema_50_200_cross": 0.004617489408701658,
  "entry_vs_atr": 0.002767723286524415,
  "funding_rate": 0.0,
  "funding_rate_percentile": 0.0,
  "funding_rate_signal": 0.0,
  "open_interest": 0.0,
  "open_interest_change_1h": 0.0,
  "open_interest_change_24h": 0.0,
  "oi_price_divergence": 0.0,
  "taker_buy_ratio": 0.0,
  "delta_volume": 0.0,
  "delta_volume_cumulative_5": 0.0,
  "large_trade_count": 0.0,
  "fear_greed_index": 0.0,
  "fear_greed_category": 0.0,
  "fear_greed_change_7d": 0.0,
  "btc_dominance": 0.0,
  "btc_dominance_change_24h": 0.0,
  "btc_dominance_change_7d": 0.0,
  "long_liquidations_24h": 0.0,
  "short_liquidations_24h": 0.0,
  "liquidation_ratio": 0.0,
  "setup_type_0": 0.0,
  "setup_type_1": 0.0,
  "setup_type_2": 0.0,
  "setup_type_3": 0.0,
  "setup_type_4": 0.0,
  "setup_type_5": 0.0,
  "setup_type_6": 0.0,
  "setup_type_7": 0.0,
  "setup_type_8": 0.0,
  "setup_type_9": 0.0,
  "setup_type_10": 0.0,
  "setup_type_12": 0.0,
  "setup_type_13": 0.0,
  "setup_type_14": 0.0,
  "setup_type_15": 0.0,
  "setup_type_16": 0.0,
  "setup_type_17": 0.0,
  "setup_type_18": 0.0,
  "indicator_confluence": 0.0,
  "bars_since_last_setup": 0.0,
  "recent_setup_win_rate": 0.0
}