{
  "setup_type_1": 0.1435699760913849,
  "setup_type_7": 0.06504600495100021,
  "setup_type_6": 0.047966815531253815,
  "setup_type_11": 0.03748909384012222,
  "risk_reward_ratio": 0.031567733734846115,
  "atr_percent": 0.023717457428574562,
  "stop_loss_atr_multiple": 0.023500623181462288,
  "setup_type_10": 0.019752655178308487,
  "avg_true_range_normalized": 0.019616682082414627,
  "setup_confidence_original": 0.016035903245210648,
  "take_profit_atr_multiple": 0.013974524103105068,
  "setup_direction": 0.01183861680328846,
  "setup_type_9": 0.010725420899689198,
  "days_to_next_halving": 0.009197988547384739,
  "is_quarter_end": 0.00824702251702547,
  "is_month_end": 0.007829654961824417,
  "halving_cycle_progress": 0.0078050801530480385,
  "bb_width": 0.007719755172729492,
  "is_engulfing": 0.007621730677783489,
  "month_sin": 0.00742020970210433,
  "is_us_session": 0.007360580377280712,
  "days_from_halving": 0.007279341574758291,
  "price_vs_ema_9": 0.007199237123131752,
  "day_of_week_sin": 0.007089917082339525,
  "day_of_week_cos": 0.007036298047751188,
  "day_of_month_cos": 0.007005907595157623,
  "month_cos": 0.00678836228325963,
  "day_of_month_sin": 0.006777266506105661,
  "entry_vs_ema_9": 0.006610531359910965,
  "hour_sin": 0.006377197336405516,
  "hour_cos": 0.0063653383404016495,
  "is_european_session": 0.006361780688166618,
  "is_weekend": 0.006322997156530619,
  "macd_crossover": 0.006294274237006903,
  "interval_encoded": 0.00621633417904377,
  "is_asian_session": 0.006201593670994043,
  "rsi_change_1": 0.006200473755598068,
  "highest_high_20": 0.0061948830261826515,
  "setup_type_8": 0.006161698140203953,
  "sma_20": 0.006046616472303867,
  "cci_14": 0.005907121580094099,
  "candle_body_ratio": 0.0058710770681500435,
  "sma_50": 0.00585505785420537,
  "price_vs_ema_21": 0.00581772904843092,
  "keltner_upper": 0.005781679414212704,
  "bb_percent_b": 0.0057759336195886135,
  "price_vs_sma_20": 0.005761001259088516,
  "volume_sma_ratio": 0.005693777464330196,
  "lowest_low_20": 0.005661842878907919,
  "is_doji": 0.005643721669912338,
  "setup_type_2": 0.005630464758723974,
  "price_vs_ema_200": 0.00561715429648757,
  "price_vs_ema_50": 0.005612669978290796,
  "rsi_2": 0.0056063337251544,
  "stoch_crossover": 0.005577601958066225,
  "entry_vs_ema_200": 0.005560529418289661,
  "price_vs_sma_50": 0.005547021981328726,
  "di_crossover": 0.005489816423505545,
  "ema_50": 0.005486388690769672,
  "macd_signal": 0.005480271764099598,
  "atr_21": 0.005473776254802942,
  "price_vs_sma_200": 0.0054687270894646645,
  "ema_9_21_cross": 0.005460222251713276,
  "sma_200": 0.005445348564535379,
  "rsi_21": 0.00544339045882225,
  "keltner_position": 0.0054259044118225574,
  "ema_200": 0.005420435220003128,
  "price_momentum_5": 0.005413783714175224,
  "rsi_14": 0.005410812329500914,
  "rsi_change_5": 0.005408178549259901,
  "cci_20": 0.005404646508395672,
  "bb_position": 0.005399939604103565,
  "volume_confirmation": 0.005393950268626213,
  "roc_12": 0.005381215363740921,
  "keltner_lower": 0.00537115940824151,
  "rsi_7": 0.005362259224057198,
  "price_channel_position": 0.005355118773877621,
  "macd_histogram_change": 0.00534451799467206,
  "ema_21": 0.005344429984688759,
  "stoch_k": 0.005312899127602577,
  "macd_line": 0.005305181723088026,
  "adx_value": 0.005296106915920973,
  "consecutive_red": 0.005294117610901594,
  "ema_9": 0.005286628380417824,
  "entry_vs_ema_21": 0.00525833060964942,
  "stoch_d": 0.00525623606517911,
  "price_momentum_20": 0.0052028498612344265,
  "price_momentum_10": 0.0052005937322974205,
  "adx_trend_strength": 0.005165942944586277,
  "candle_lower_wick": 0.0051331534050405025,
  "macd_histogram": 0.005121118854731321,
  "consecutive_green": 0.005104114767163992,
  "atr_14": 0.005096754990518093,
  "setup_type_4": 0.0050963531248271465,
  "williams_r": 0.005051946733146906,
  "mfi_14": 0.005043331999331713,
  "candle_upper_wick": 0.005032512824982405,
  "obv_slope": 0.004969791974872351,
  "atr_7": 0.004968386143445969,
  "volume_change": 0.004777262918651104,
  "ema_50_200_cross": 0.00467882351949811,
  "is_hammer": 0.004634880926460028,
  "plus_di": 0.004142382647842169,
  "setup_type_0": 0.0038382261991500854,
  "minus_di": 0.0030733344610780478,
  "entry_vs_atr": 0.0030201165936887264,
  "funding_rate": 0.0,
  "funding_rate_percentile": 0.0,
  "funding_rate_signal": 0.0,
  "open_interest": 0.0,
  "open_interest_change_1h": 0.0,
  "open_interest_change_24h": 0.0,
  "oi_price_divergence": 0.0,
  "taker_buy_ratio": 0.0,
  "delta_volume": 0.0,
  "delta_volume_cumulative_5": 0.0,
  "large_trade_count": 0.0,
  "fear_greed_index": 0.0,
  "fear_greed_category": 0.0,
  "fear_greed_change_7d": 0.0,
  "btc_dominance": 0.0,
  "btc_dominance_change_24h": 0.0,
  "btc_dominance_change_7d": 0.0,
  "long_liquidations_24h": 0.0,
  "short_liquidations_24h": 0.0,
  "liquidation_ratio": 0.0,
  "setup_type_3": 0.0,
  "setup_type_5": 0.0,
  "setup_type_12": 0.0,
  "setup_type_13": 0.0,
  "setup_type_14": 0.0,
  "setup_type_15": 0.0,
  "setup_type_16": 0.0,
  "setup_type_17": 0.0,
  "setup_type_18": 0.0,
  "setup_type_19": 0.0,
  "indicator_confluence": 0.0,
  "bars_since_last_setup": 0.0,
  "recent_setup_win_rate": 0.0
}