{
  "setup_type_1": 0.11883457005023956,
  "atr_percent": 0.07463014870882034,
  "setup_type_7": 0.0575653575360775,
  "avg_true_range_normalized": 0.0485459603369236,
  "setup_type_6": 0.048332639038562775,
  "setup_type_11": 0.03531499579548836,
  "stop_loss_atr_multiple": 0.03373599424958229,
  "risk_reward_ratio": 0.030065635219216347,
  "setup_type_10": 0.02259964868426323,
  "take_profit_atr_multiple": 0.02021738886833191,
  "setup_confidence_original": 0.018829243257641792,
  "setup_direction": 0.010896662250161171,
  "bb_width": 0.010289502330124378,
  "setup_type_9": 0.009257410652935505,
  "setup_type_8": 0.007338397670537233,
  "days_to_next_halving": 0.007301912177354097,
  "is_month_end": 0.006854953244328499,
  "halving_cycle_progress": 0.006824470590800047,
  "days_from_halving": 0.006729949731379747,
  "is_quarter_end": 0.006668125744909048,
  "is_engulfing": 0.006607544608414173,
  "price_vs_ema_9": 0.006514338310807943,
  "month_sin": 0.006456753704696894,
  "day_of_week_sin": 0.006422386970371008,
  "month_cos": 0.0062197791412472725,
  "is_us_session": 0.006183937191963196,
  "macd_crossover": 0.0060578444972634315,
  "day_of_month_cos": 0.005972947925329208,
  "day_of_week_cos": 0.00592067651450634,
  "interval_encoded": 0.0058657764457166195,
  "is_weekend": 0.005856321658939123,
  "day_of_month_sin": 0.0057169124484062195,
  "hour_sin": 0.00564538361504674,
  "entry_vs_ema_9": 0.005599349737167358,
  "hour_cos": 0.005579909309744835,
  "bb_percent_b": 0.005480597261339426,
  "price_vs_sma_20": 0.005475291050970554,
  "is_asian_session": 0.005320488940924406,
  "rsi_change_1": 0.005304038990288973,
  "is_european_session": 0.005235147662460804,
  "sma_20": 0.005189217161387205,
  "keltner_upper": 0.005151607096195221,
  "cci_14": 0.005150887183845043,
  "highest_high_20": 0.005140793509781361,
  "candle_body_ratio": 0.005132722202688456,
  "keltner_lower": 0.005103910341858864,
  "entry_vs_ema_21": 0.005102299153804779,
  "ema_21": 0.005053762346506119,
  "lowest_low_20": 0.005050479434430599,
  "setup_type_0": 0.005048693623393774,
  "price_vs_ema_21": 0.004946071654558182,
  "sma_50": 0.0049332519993186,
  "volume_sma_ratio": 0.004899582359939814,
  "rsi_2": 0.004895741119980812,
  "price_vs_ema_50": 0.004884762689471245,
  "price_vs_ema_200": 0.004882119130343199,
  "ema_50": 0.00486608874052763,
  "entry_vs_ema_200": 0.004840273410081863,
  "ema_9_21_cross": 0.004826664924621582,
  "price_momentum_5": 0.004804701078683138,
  "price_vs_sma_50": 0.004791466053575277,
  "rsi_7": 0.004769778810441494,
  "rsi_change_5": 0.0047494396567344666,
  "macd_signal": 0.0047484589740633965,
  "atr_21": 0.004729241132736206,
  "price_vs_sma_200": 0.004716529976576567,
  "keltner_position": 0.004704191815108061,
  "ema_200": 0.004703618120402098,
  "stoch_crossover": 0.004698192700743675,
  "macd_line": 0.004675337113440037,
  "bb_position": 0.004660980310291052,
  "ema_9": 0.004646033048629761,
  "sma_200": 0.0046454439871013165,
  "rsi_14": 0.004632313270121813,
  "macd_histogram_change": 0.004628071095794439,
  "roc_12": 0.004621968138962984,
  "price_channel_position": 0.004604917485266924,
  "cci_20": 0.00460449606180191,
  "consecutive_green": 0.004579418804496527,
  "adx_value": 0.004569958429783583,
  "price_momentum_10": 0.004568631760776043,
  "di_crossover": 0.00456738006323576,
  "rsi_21": 0.004550374578684568,
  "stoch_k": 0.004535706248134375,
  "price_momentum_20": 0.004525274503976107,
  "williams_r": 0.0044975895434618,
  "atr_14": 0.004465917125344276,
  "candle_lower_wick": 0.004465484991669655,
  "adx_trend_strength": 0.0044513484463095665,
  "is_hammer": 0.004448553081601858,
  "stoch_d": 0.004444391466677189,
  "candle_upper_wick": 0.0044181994162499905,
  "consecutive_red": 0.004417105577886105,
  "mfi_14": 0.004378198180347681,
  "macd_histogram": 0.004377201199531555,
  "atr_7": 0.00436912477016449,
  "obv_slope": 0.004357531666755676,
  "setup_type_4": 0.004303653724491596,
  "setup_type_2": 0.004291806370019913,
  "volume_change": 0.0041260975413024426,
  "is_doji": 0.003974661696702242,
  "volume_confirmation": 0.003917677793651819,
  "ema_50_200_cross": 0.003785960841923952,
  "minus_di": 0.0030477684922516346,
  "plus_di": 0.0029744922649115324,
  "entry_vs_atr": 0.0020879546646028757,
  "funding_rate": 0.0,
  "funding_rate_percentile": 0.0,
  "funding_rate_signal": 0.0,
  "open_interest": 0.0,
  "open_interest_change_1h": 0.0,
  "open_interest_change_24h": 0.0,
  "oi_price_divergence": 0.0,
  "taker_buy_ratio": 0.0,
  "delta_volume": 0.0,
  "delta_volume_cumulative_5": 0.0,
  "large_trade_count": 0.0,
  "fear_greed_index": 0.0,
  "fear_greed_category": 0.0,
  "fear_greed_change_7d": 0.0,
  "btc_dominance": 0.0,
  "btc_dominance_change_24h": 0.0,
  "btc_dominance_change_7d": 0.0,
  "long_liquidations_24h": 0.0,
  "short_liquidations_24h": 0.0,
  "liquidation_ratio": 0.0,
  "setup_type_3": 0.0,
  "setup_type_5": 0.0,
  "setup_type_12": 0.0,
  "setup_type_13": 0.0,
  "setup_type_14": 0.0,
  "setup_type_15": 0.0,
  "setup_type_16": 0.0,
  "setup_type_17": 0.0,
  "setup_type_18": 0.0,
  "setup_type_19": 0.0,
  "indicator_confluence": 0.0,
  "bars_since_last_setup": 0.0,
  "recent_setup_win_rate": 0.0
}